<?xml version="1.0" encoding="UTF-8" ?>
<ClinicalNarrativeTemporalAnnotation>
<TEXT><![CDATA[
ADMISSION DATE :
01-11-92
DISCHARGE DATE :
01-22-92
HISTORY OF PRESENT ILLNESS :
Ms. Tikrhalt is an 86 year old female , previously healthy , who presents with a 3 month history of dysphagia .
A subsequent workup including upper gastrointestinal series and abdominal computerized tomography scan suggested the presence of a gastric mass .
Endoscopy with biopsy revealed gastric carcinoma , poorly differentiated , within the body of the stomach along the greater curvature .
She was subsequently referred to Dr. Ko for a possible resection of this carcinoma .
She reports a 10 pound weight loss over the past several months .
She denies any abdominal pain .
HOSPITAL COURSE :
The patient was admitted to the Service of Dr. Fede A. Duhenile .
On 1/12/92 she was taken to the operating room where she underwent a neart total gastrectomy with a retrocolic Bill-Roth II gastrojejunostomy reconstruction .
In addition a small ventral hernia was noted upon abdominal exploration within a previous surgical incision .
This was repaired .
A needle jejunostomy catheter was placed at the time of her operation to facilitate postoperative nutrition .
With regards to the cancer , there was a large mass along the greater curvature in the body of the stomach , and several perigastric lymph nodes which were taken with the specimen .
In addition , there were at least two lymph nodes within the porta hepatis which were dissected free and taken en bloc with the specimen .
The remainder of her abdomen was unremarkable without evidence of metastatic spread elsewhere , including the liver .
The patient tolerated the procedure well and was taken to the recovery room in good condition .
The patient 's postoperative course was for the most part unremarkable .
Her wounds healed well without incident and the needle jejunostomy tube was utilized on the first postoperative day right up until the time of discharge , infusing Vivonex T.E.N 
The patient tolerated this without difficulty .
The patient 's nasogastric tube was removed on the 3rd postoperative day , and with the passage of flatus and good bowel sounds noted , she was started on a liquid diet which was advanced slowly .
She was seen by the dietician and was advised with regard to needing numerous small meals during the day rather than 3 larger meals as she previously was used to .
Her ambulation and mobilization increased gradually and by the time of discharge she was walking in the halls without assistance .
As mentioned , her wounds healed well without incident and the staples were removed on the 10th postoperative day just prior to discharge .
She had some difficulties with confusion in the early postoperative period which were attributable to her advanced age and a sundowning effect .
These problems resolved by the 4th or 5th postoperative day and she remained lucid and alert for the remainder of her hospital stay .
Surgical pathology report was completed prior to discharge which revealed poorly differentiated adenocarcinoma ulcerating and extending through the wall into the serosa of the stomach .
Metastatic carcinoma was present in 3 of 3 lymph nodes .
The gastric resection margins were free of carcinoma .
The patient was set for discharge on the 11th postoperative day doing well .
On the day prior to discharge she complained of some dysuria , a urine specimen was obtained , which showed numerous white cells consistent with a urinary tract infection .
She was started empirically on Bactrim , while culture and sensitivity results were pending and remained pending at the time of this dictation .
She will be discharged to home and will be seen in follow-up by her regular physicians as well as Dr. Ko .
]]></TEXT>
<TAGS>
<EVENT id="E0" start="1" end="10" text="ADMISSION" modality="FACTUAL" polarity="POS" type="OCCURRENCE" sec_time_rel="OVERLAP" />
<EVENT id="E27" start="1012" end="1016" text="This" modality="FACTUAL" polarity="POS" type="PROBLEM" sec_time_rel="BEFORE" />
<EVENT id="E26" start="1020" end="1029" text="repaired" modality="FACTUAL" polarity="POS" type="treatment" sec_time_rel="BEFORE" />
<EVENT id="E35" start="1032" end="1061" text="A needle jejunostomy catheter" modality="FACTUAL" polarity="POS" type="TREATMENT" sec_time_rel="BEFORE" />
<EVENT id="E29" start="1087" end="1101" text="her operation" modality="FACTUAL" polarity="POS" type="treatment" sec_time_rel="BEFORE" />
<EVENT id="E30" start="1115" end="1139" text="postoperative nutrition" modality="FACTUAL" polarity="POS" type="treatment" sec_time_rel="BEFORE" />
<EVENT id="E31" start="1157" end="1168" text="the cancer" modality="FACTUAL" polarity="POS" type="problem" sec_time_rel="BEFORE" />
<EVENT id="E99" start="1180" end="1193" text=" a large mass" modality="FACTUAL" polarity="POS" type="PROBLEM" sec_time_rel="BEFORE" />
<EVENT id="E102" start="1255" end="1286" text="several perigastric lymph nodes" modality="FACTUAL" polarity="POS" type="TEST" sec_time_rel="BEFORE" />
<EVENT id="E34" start="1308" end="1321" text="the specimen" modality="FACTUAL" polarity="POS" type="test" sec_time_rel="BEFORE" />
<EVENT id="E2" start="133" end="140" text="healthy" modality="FACTUAL" polarity="POS" type="OCCURRENCE" sec_time_rel="BEFORE" />
<EVENT id="E42" start="1358" end="1373" text="two lymph nodes" modality="FACTUAL" polarity="POS" type="TEST" sec_time_rel="BEFORE" />
<EVENT id="E36" start="1410" end="1419" text="dissected" modality="FACTUAL" polarity="POS" type="TREATMENT" sec_time_rel="BEFORE" />
<EVENT id="E37" start="1447" end="1460" text="the specimen" modality="FACTUAL" polarity="POS" type="test" sec_time_rel="BEFORE" />
<EVENT id="E3" start="147" end="155" text="presents" modality="FACTUAL" polarity="POS" type="OCCURRENCE" sec_time_rel="OVERLAP" />
<EVENT id="E38" start="1496" end="1508" text="unremarkable" modality="FACTUAL" polarity="POS" type="OCCURRENCE" sec_time_rel="BEFORE" />
<EVENT id="E39" start="1528" end="1546" text="metastatic spread" modality="FACTUAL" polarity="NEG" type="problem" sec_time_rel="BEFORE" />
<EVENT id="E40" start="1593" end="1602" text="tolerated" modality="FACTUAL" polarity="POS" type="OCCURRENCE" sec_time_rel="BEFORE" />
<EVENT id="E41" start="1602" end="1616" text="the procedure" modality="FACTUAL" polarity="POS" type="treatment" sec_time_rel="BEFORE" />
<EVENT id="E43" start="1643" end="1656" text="recovery room" modality="FACTUAL" polarity="POS" type="CLINICAL_DEPT" sec_time_rel="BEFORE" />
<EVENT id="E44" start="1660" end="1674" text="good condition" modality="FACTUAL" polarity="POS" type="OCCURRENCE" sec_time_rel="BEFORE" />
<EVENT id="E45" start="1692" end="1712" text="postoperative course" modality="FACTUAL" polarity="POS" type="OCCURRENCE" sec_time_rel="BEFORE" />
<EVENT id="E46" start="1735" end="1747" text="unremarkable" modality="FACTUAL" polarity="POS" type="OCCURRENCE" sec_time_rel="BEFORE" />
<EVENT id="E47" start="1749" end="1760" text="Her wounds" modality="FACTUAL" polarity="POS" type="problem" sec_time_rel="BEFORE" />
<EVENT id="E48" start="1761" end="1767" text="healed" modality="FACTUAL" polarity="POS" type="OCCURRENCE" sec_time_rel="BEFORE" />
<EVENT id="E49" start="1781" end="1789" text="incident" modality="FACTUAL" polarity="NEG" type="OCCURRENCE" sec_time_rel="BEFORE" />
<EVENT id="E50" start="1793" end="1821" text="the needle jejunostomy tube" modality="FACTUAL" polarity="POS" type="treatment" sec_time_rel="BEFORE" />
<EVENT id="E4" start="181" end="191" text="dysphagia" modality="FACTUAL" polarity="POS" type="problem" sec_time_rel="BEFORE_OVERLAP" />
<EVENT id="E51" start="1893" end="1902" text="discharge" modality="FACTUAL" polarity="POS" type="OCCURRENCE" sec_time_rel="OVERLAP" />
<EVENT id="E52" start="1913" end="1929" text="Vivonex T.E.N" modality="FACTUAL" polarity="POS" type="treatment" sec_time_rel="BEFORE" />
<EVENT id="E5" start="194" end="213" text="A subsequent workup" modality="FACTUAL" polarity="POS" type="TEST" sec_time_rel="BEFORE" />
<EVENT id="E53" start="1941" end="1950" text="tolerated" modality="FACTUAL" polarity="POS" type="OCCURRENCE" sec_time_rel="BEFORE" />
<EVENT id="E54" start="1951" end="1955" text="this" modality="FACTUAL" polarity="POS" type="TREATMENT" sec_time_rel="BEFORE" />
<EVENT id="E55" start="1963" end="1974" text="difficulty" modality="FACTUAL" polarity="NEG" type="OCCURRENCE" sec_time_rel="BEFORE" />
<EVENT id="E56" start="1976" end="2008" text="The patient 's nasogastric tube" modality="FACTUAL" polarity="POS" type="treatment" sec_time_rel="BEFORE" />
<EVENT id="E57" start="2065" end="2082" text="passage of flatus" modality="FACTUAL" polarity="POS" type="OCCURRENCE" sec_time_rel="BEFORE" />
<EVENT id="E58" start="2092" end="2104" text="bowel sounds" modality="FACTUAL" polarity="POS" type="OCCURRENCE" sec_time_rel="BEFORE" />
<EVENT id="E59" start="2131" end="2145" text="a liquid diet" modality="FACTUAL" polarity="POS" type="treatment" sec_time_rel="BEFORE" />
<EVENT id="E60" start="2189" end="2203" text=" the dietician" modality="FACTUAL" polarity="POS" type="OCCURRENCE" sec_time_rel="BEFORE" />
<EVENT id="E61" start="2212" end="2219" text="advised" modality="FACTUAL" polarity="POS" type="EVIDENTIAL" sec_time_rel="BEFORE" />
<EVENT id="E6" start="223" end="253" text="upper gastrointestinal series" modality="FACTUAL" polarity="POS" type="test" sec_time_rel="BEFORE" />
<EVENT id="E63" start="2243" end="2264" text="numerous small meals " modality="PROPOSED" polarity="POS" type="OCCURRENCE" sec_time_rel="BEFORE" />
<EVENT id="E64" start="2291" end="2305" text="3 larger meals" modality="FACTUAL" polarity="POS" type="OCCURRENCE" sec_time_rel="BEFORE" />
<EVENT id="E65" start="2338" end="2352" text="Her ambulation" modality="FACTUAL" polarity="POS" type="OCCURRENCE" sec_time_rel="BEFORE" />
<EVENT id="E66" start="2357" end="2369" text="mobilization" modality="FACTUAL" polarity="POS" type="OCCURRENCE" sec_time_rel="BEFORE" />
<EVENT id="E67" start="2370" end="2379" text="increased" modality="FACTUAL" polarity="POS" type="OCCURRENCE" sec_time_rel="BEFORE" />
<EVENT id="E68" start="2409" end="2418" text="discharge" modality="FACTUAL" polarity="POS" type="OCCURRENCE" sec_time_rel="OVERLAP" />
<EVENT id="E69" start="2427" end="2434" text="walking" modality="FACTUAL" polarity="POS" type="OCCURRENCE" sec_time_rel="BEFORE" />
<EVENT id="E70" start="2456" end="2466" text="assistance" modality="FACTUAL" polarity="NEG" type="OCCURRENCE" sec_time_rel="BEFORE" />
<EVENT id="E71" start="2483" end="2494" text="her wounds" modality="FACTUAL" polarity="POS" type="problem" sec_time_rel="BEFORE" />
<EVENT id="E72" start="2495" end="2501" text="healed" modality="FACTUAL" polarity="POS" type="OCCURRENCE" sec_time_rel="BEFORE" />
<EVENT id="E73" start="2515" end="2523" text="incident" modality="FACTUAL" polarity="NEG" type="OCCURRENCE" sec_time_rel="BEFORE" />
<EVENT id="E74" start="2527" end="2539" text="the staples" modality="FACTUAL" polarity="POS" type="treatment" sec_time_rel="BEFORE" />
<EVENT id="E7" start="257" end="296" text="abdominal computerized tomography scan" modality="FACTUAL" polarity="POS" type="test" sec_time_rel="BEFORE" />
<EVENT id="E75" start="2597" end="2606" text="discharge" modality="FACTUAL" polarity="POS" type="OCCURRENCE" sec_time_rel="OVERLAP" />
<EVENT id="E76" start="2639" end="2649" text="confusion" modality="FACTUAL" polarity="POS" type="problem" sec_time_rel="BEFORE" />
<EVENT id="E1" start="27" end="36" text="DISCHARGE" modality="FACTUAL" polarity="POS" type="OCCURRENCE" sec_time_rel="OVERLAP" />
<EVENT id="E77" start="2715" end="2727" text="advanced age" modality="FACTUAL" polarity="POS" type="OCCURRENCE" sec_time_rel="BEFORE_OVERLAP" />
<EVENT id="E78" start="2731" end="2751" text="a sundowning effect" modality="FACTUAL" polarity="POS" type="problem" sec_time_rel="BEFORE" />
<EVENT id="E79" start="2760" end="2768" text="problems" modality="FACTUAL" polarity="POS" type="PROBLEM" sec_time_rel="BEFORE" />
<EVENT id="E80" start="2831" end="2836" text="lucid" modality="FACTUAL" polarity="POS" type="OCCURRENCE" sec_time_rel="BEFORE_OVERLAP" />
<EVENT id="E81" start="2841" end="2846" text="alert" modality="FACTUAL" polarity="POS" type="OCCURRENCE" sec_time_rel="BEFORE_OVERLAP" />
<EVENT id="E82" start="2868" end="2885" text="her hospital stay" modality="FACTUAL" polarity="POS" type="OCCURRENCE" sec_time_rel="BEFORE" />
<EVENT id="E83" start="2888" end="2913" text="Surgical pathology report" modality="FACTUAL" polarity="POS" type="TEST" sec_time_rel="BEFORE" />
<EVENT id="E84" start="2937" end="2946" text="discharge" modality="FACTUAL" polarity="POS" type="OCCURRENCE" sec_time_rel="OVERLAP" />
<EVENT id="E85" start="2961" end="2998" text="poorly differentiated adenocarcinoma" modality="FACTUAL" polarity="POS" type="problem" sec_time_rel="BEFORE_OVERLAP" />
<EVENT id="E87" start="2999" end="3009" text="ulcerating" modality="FACTUAL" polarity="POS" type="PROBLEM" sec_time_rel="BEFORE_OVERLAP" />
<EVENT id="E86" start="3014" end="3023" text="extending" modality="FACTUAL" polarity="POS" type="PROBLEM" sec_time_rel="BEFORE_OVERLAP" />
<EVENT id="E88" start="3073" end="3094" text="Metastatic carcinoma" modality="FACTUAL" polarity="POS" type="problem" sec_time_rel="BEFORE_OVERLAP" />
<EVENT id="E89" start="3173" end="3183" text="carcinoma" modality="FACTUAL" polarity="NEG" type="problem" sec_time_rel="BEFORE" />
<EVENT id="E90" start="3210" end="3219" text="discharge" modality="FACTUAL" polarity="POS" type="OCCURRENCE" sec_time_rel="OVERLAP" />
<EVENT id="E8" start="322" end="337" text="a gastric mass" modality="POSSIBLE" polarity="POS" type="problem" sec_time_rel="BEFORE" />
<EVENT id="E28" start="3256" end="3260" text="well" modality="FACTUAL" polarity="POS" type="OCCURRENCE" sec_time_rel="BEFORE_OVERLAP" />
<EVENT id="E91" start="3310" end="3323" text="some dysuria" modality="FACTUAL" polarity="POS" type="problem" sec_time_rel="BEFORE" />
<EVENT id="E92" start="3325" end="3342" text="a urine specimen" modality="FACTUAL" polarity="POS" type="test" sec_time_rel="BEFORE" />
<EVENT id="E93" start="3370" end="3391" text="numerous white cells" modality="FACTUAL" polarity="POS" type="problem" sec_time_rel="BEFORE" />
<EVENT id="E9" start="339" end="349" text="Endoscopy" modality="FACTUAL" polarity="POS" type="test" sec_time_rel="BEFORE" />
<EVENT id="E94" start="3407" end="3433" text="a urinary tract infection" modality="POSSIBLE" polarity="POS" type="problem" sec_time_rel="BEFORE" />
<EVENT id="E95" start="3466" end="3474" text="Bactrim" modality="FACTUAL" polarity="POS" type="treatment" sec_time_rel="BEFORE_OVERLAP" />
<EVENT id="E96" start="3482" end="3490" text="culture" modality="FACTUAL" polarity="POS" type="test" sec_time_rel="BEFORE" />
<EVENT id="E97" start="3494" end="3506" text="sensitivity" modality="FACTUAL" polarity="POS" type="test" sec_time_rel="BEFORE" />
<EVENT id="E98" start="3520" end="3527" text="pending" modality="FACTUAL" polarity="POS" type="OCCURRENCE" sec_time_rel="BEFORE_OVERLAP" />
<EVENT id="E10" start="354" end="361" text="biopsy" modality="FACTUAL" polarity="POS" type="test" sec_time_rel="BEFORE" />
<EVENT id="E100" start="3593" end="3611" text="discharged to home" modality="FACTUAL" polarity="POS" type="OCCURRENCE" sec_time_rel="OVERLAP" />
<EVENT id="E101" start="3631" end="3642" text=" follow-up " modality="FACTUAL" polarity="POS" type="OCCURRENCE" sec_time_rel="AFTER" />
<EVENT id="E11" start="370" end="388" text="gastric carcinoma" modality="FACTUAL" polarity="POS" type="problem" sec_time_rel="BEFORE_OVERLAP" />
<EVENT id="E12" start="497" end="505" text="referred" modality="FACTUAL" polarity="POS" type="OCCURRENCE" sec_time_rel="BEFORE" />
<EVENT id="E13" start="530" end="540" text="resection" modality="PROPOSED" polarity="POS" type="treatment" sec_time_rel="AFTER" />
<EVENT id="E14" start="543" end="558" text="this carcinoma" modality="FACTUAL" polarity="POS" type="problem" sec_time_rel="BEFORE_OVERLAP" />
<EVENT id="E15" start="565" end="572" text="reports" modality="FACTUAL" polarity="POS" type="EVIDENTIAL" sec_time_rel="OVERLAP" />
<EVENT id="E16" start="572" end="595" text="a 10 pound weight loss" modality="FACTUAL" polarity="POS" type="problem" sec_time_rel="BEFORE_OVERLAP" />
<EVENT id="E17" start="631" end="637" text="denies" modality="FACTUAL" polarity="POS" type="EVIDENTIAL" sec_time_rel="OVERLAP" />
<EVENT id="E18" start="637" end="656" text="any abdominal pain" modality="FACTUAL" polarity="NEG" type="problem" sec_time_rel="OVERLAP" />
<EVENT id="E19" start="693" end="701" text="admitted" modality="FACTUAL" polarity="POS" type="OCCURRENCE" sec_time_rel="BEFORE" />
<EVENT id="E20" start="775" end="790" text="operating room " modality="FACTUAL" polarity="POS" type="CLINICAL_DEPT" sec_time_rel="BEFORE" />
<EVENT id="E21" start="809" end="835" text="a neart total gastrectomy" modality="FACTUAL" polarity="POS" type="treatment" sec_time_rel="BEFORE" />
<EVENT id="E22" start="840" end="899" text="a retrocolic Bill-Roth II gastrojejunostomy reconstruction" modality="FACTUAL" polarity="POS" type="treatment" sec_time_rel="BEFORE" />
<EVENT id="E23" start="914" end="936" text="a small ventral hernia" modality="FACTUAL" polarity="POS" type="problem" sec_time_rel="BEFORE" />
<EVENT id="E24" start="951" end="973" text="abdominal exploration" modality="FACTUAL" polarity="POS" type="test" sec_time_rel="BEFORE" />
<EVENT id="E25" start="980" end="1009" text="a previous surgical incision" modality="FACTUAL" polarity="POS" type="treatment" sec_time_rel="BEFORE" />
<TIMEX3 id="T2" start="163" end="170" text="3 month" type="DURATION" val="P3M" mod="NA" />
<TIMEX3 id="T0" start="18" end="26" text="01-11-92" type="DATE" val="1992-01-11" mod="NA" />
<TIMEX3 id="T5" start="1841" end="1902" text=" first postoperative day right up until the time of discharge" type="DURATION" val="P10D" mod="APPROX" />
<TIMEX3 id="T6" start="2028" end="2049" text="3rd postoperative day" type="DATE" val="1992-01-14" mod="NA" />
<TIMEX3 id="T7" start="2560" end="2582" text="10th postoperative day" type="DATE" val="1992-01-21" mod="NA" />
<TIMEX3 id="T8" start="2657" end="2683" text="early postoperative period" type="DURATION" val="P4D" mod="APPROX" />
<TIMEX3 id="T9" start="2784" end="2813" text=" 4th or 5th postoperative day" type="DATE" val="1992-01-17" mod="APPROX" />
<TIMEX3 id="T10" start="3227" end="3250" text="11th postoperative day " type="DATE" val="1992-01-22" mod="NA" />
<TIMEX3 id="T11" start="3266" end="3273" text="the day" type="DATE" val="1992-01-21" mod="NA" />
<TIMEX3 id="T1" start="44" end="52" text="01-22-92" type="DATE" val="1992-01-22" mod="NA" />
<TIMEX3 id="T3" start="605" end="625" text="past several months " type="DURATION" val="P3M" mod="APPROX" />
<TIMEX3 id="T4" start="746" end="753" text="1/12/92" type="DATE" val="1992-01-12" mod="NA" />
<TLINK id="TL0" fromID="T0" fromText="01-11-92" toID="E0" toText="ADMISSION" type="SIMULTANEOUS" />
<TLINK id="TL1" fromID="E1" fromText="DISCHARGE" toID="T1" toText="01-22-92" type="SIMULTANEOUS" />
<TLINK id="TL10" fromID="E9" fromText="Endoscopy" toID="E10" toText="biopsy" type="OVERLAP" />
<TLINK id="TL100" fromID="E94" fromText="a urinary tract infection" toID="E95" toText="Bactrim" type="BEFORE_OVERLAP" />
<TLINK id="TL101" fromID="E93" fromText="numerous white cells" toID="E94" toText="a urinary tract infection" type="OVERLAP" />
<TLINK id="TL102" fromID="E96" fromText="culture" toID="E97" toText="sensitivity" type="OVERLAP" />
<TLINK id="TL103" fromID="E97" fromText="sensitivity" toID="E98" toText="pending" type="OVERLAP" />
<TLINK id="TL104" fromID="E98" fromText="pending" toID="T11" toText="the day" type="OVERLAP" />
<TLINK id="TL11" fromID="E9" fromText="Endoscopy" toID="E12" toText="referred" type="BEFORE" />
<TLINK id="TL12" fromID="E11" fromText="gastric carcinoma" toID="E9" toText="Endoscopy" type="BEFORE_OVERLAP" />
<TLINK id="TL13" fromID="E12" fromText="referred" toID="E13" toText="resection" type="BEFORE" />
<TLINK id="TL14" fromID="E14" fromText="this carcinoma" toID="E13" toText="resection" type="BEFORE_OVERLAP" />
<TLINK id="TL15" fromID="T3" fromText="past several months " toID="E15" toText="reports" type="ENDED_BY" />
<TLINK id="TL16" fromID="E16" fromText="a 10 pound weight loss" toID="T3" toText="past several months " type="DURING" />
<TLINK id="TL17" fromID="E17" fromText="denies" toID="E18" toText="any abdominal pain" type="OVERLAP" />
<TLINK id="TL18" fromID="E19" fromText="admitted" toID="T0" toText="01-11-92" type="SIMULTANEOUS" />
<TLINK id="TL19" fromID="T4" fromText="1/12/92" toID="E20" toText="operating room " type="SIMULTANEOUS" />
<TLINK id="TL2" fromID="E2" fromText="healthy" toID="E4" toText="dysphagia" type="ENDED_BY" />
<TLINK id="TL20" fromID="E21" fromText="a neart total gastrectomy" toID="E20" toText="operating room " type="DURING" />
<TLINK id="TL21" fromID="E22" fromText="a retrocolic Bill-Roth II gastrojejunostomy reconstruction" toID="E20" toText="operating room " type="DURING" />
<TLINK id="TL22" fromID="E21" fromText="a neart total gastrectomy" toID="E22" toText="a retrocolic Bill-Roth II gastrojejunostomy reconstruction" type="BEFORE" />
<TLINK id="TL23" fromID="E71" fromText="her wounds" toID="E47" toText="Her wounds" type="SIMULTANEOUS" />
<TLINK id="TL24" fromID="E23" fromText="a small ventral hernia" toID="E24" toText="abdominal exploration" type="BEFORE" />
<TLINK id="TL25" fromID="E23" fromText="a small ventral hernia" toID="E27" toText="This" type="SIMULTANEOUS" />
<TLINK id="TL26" fromID="E25" fromText="a previous surgical incision" toID="E24" toText="abdominal exploration" type="BEFORE" />
<TLINK id="TL27" fromID="E27" fromText="This" toID="E26" toText="repaired" type="ENDED_BY" />
<TLINK id="TL28" fromID="E26" fromText="repaired" toID="E20" toText="operating room " type="DURING" />
<TLINK id="TL29" fromID="E35" fromText="A needle jejunostomy catheter" toID="E29" toText="her operation" type="BEGUN_BY" />
<TLINK id="TL3" fromID="T2" fromText="3 month" toID="E3" toText="presents" type="ENDED_BY" />
<TLINK id="TL30" fromID="E35" fromText="A needle jejunostomy catheter" toID="E50" toText="the needle jejunostomy tube" type="simultaneous" />
<TLINK id="TL31" fromID="E35" fromText="A needle jejunostomy catheter" toID="E30" toText="postoperative nutrition" type="BEFORE_OVERLAP" />
<TLINK id="TL32" fromID="E31" fromText="the cancer" toID="E85" toText="poorly differentiated adenocarcinoma" type="simultaneous" />
<TLINK id="TL33" fromID="E31" fromText="the cancer" toID="E14" toText="this carcinoma" type="SIMULTANEOUS" />
<TLINK id="TL34" fromID="E31" fromText="the cancer" toID="E99" toText=" a large mass" type="OVERLAP" />
<TLINK id="TL35" fromID="E72" fromText="healed" toID="E48" toText="healed" type="SIMULTANEOUS" />
<TLINK id="TL36" fromID="E99" fromText=" a large mass" toID="E34" toText="the specimen" type="ENDED_BY" />
<TLINK id="TL37" fromID="E102" fromText="several perigastric lymph nodes" toID="E99" toText=" a large mass" type="SIMULTANEOUS" />
<TLINK id="TL38" fromID="E34" fromText="the specimen" toID="E37" toText="the specimen" type="simultaneous" />
<TLINK id="TL39" fromID="E34" fromText="the specimen" toID="E29" toText="her operation" type="DURING" />
<TLINK id="TL4" fromID="E4" fromText="dysphagia" toID="T2" toText="3 month" type="OVERLAP" />
<TLINK id="TL40" fromID="E42" fromText="two lymph nodes" toID="E36" toText="dissected" type="ENDED_BY" />
<TLINK id="TL41" fromID="E36" fromText="dissected" toID="E37" toText="the specimen" type="SIMULTANEOUS" />
<TLINK id="TL42" fromID="E38" fromText="unremarkable" toID="E39" toText="metastatic spread" type="OVERLAP" />
<TLINK id="TL43" fromID="E39" fromText="metastatic spread" toID="E29" toText="her operation" type="BEFORE_OVERLAP" />
<TLINK id="TL44" fromID="E29" fromText="her operation" toID="E41" toText="the procedure" type="simultaneous" />
<TLINK id="TL45" fromID="E41" fromText="the procedure" toID="E43" toText="recovery room" type="BEFORE" />
<TLINK id="TL46" fromID="E41" fromText="the procedure" toID="E45" toText="postoperative course" type="ENDED_BY" />
<TLINK id="TL47" fromID="E40" fromText="tolerated" toID="E41" toText="the procedure" type="OVERLAP" />
<TLINK id="TL48" fromID="E43" fromText="recovery room" toID="E44" toText="good condition" type="OVERLAP" />
<TLINK id="TL49" fromID="E45" fromText="postoperative course" toID="E46" toText="unremarkable" type="OVERLAP" />
<TLINK id="TL5" fromID="E8" fromText="a gastric mass" toID="E11" toText="gastric carcinoma" type="simultaneous" />
<TLINK id="TL50" fromID="E47" fromText="Her wounds" toID="E41" toText="the procedure" type="BEGUN_BY" />
<TLINK id="TL51" fromID="E47" fromText="Her wounds" toID="E48" toText="healed" type="OVERLAP" />
<TLINK id="TL52" fromID="E74" fromText="the staples" toID="E29" toText="her operation" type="BEGUN_BY" />
<TLINK id="TL53" fromID="E49" fromText="incident" toID="E73" toText="incident" type="SIMULTANEOUS" />
<TLINK id="TL54" fromID="E49" fromText="incident" toID="E48" toText="healed" type="OVERLAP" />
<TLINK id="TL55" fromID="E50" fromText="the needle jejunostomy tube" toID="E51" toText="discharge" type="ENDED_BY" />
<TLINK id="TL56" fromID="E52" fromText="Vivonex T.E.N." toID="E50" toText="the needle jejunostomy tube" type="OVERLAP" />
<TLINK id="TL57" fromID="E55" fromText="difficulty" toID="E53" toText="tolerated" type="OVERLAP" />
<TLINK id="TL58" fromID="E54" fromText="this" toID="E53" toText="tolerated" type="OVERLAP" />
<TLINK id="TL59" fromID="E54" fromText="this" toID="E52" toText="Vivonex T.E.N." type="SIMULTANEOUS" />
<TLINK id="TL6" fromID="E3" fromText="presents" toID="E5" toText="A subsequent workup" type="BEFORE" />
<TLINK id="TL60" fromID="E56" fromText="The patient 's nasogastric tube" toID="T6" toText="3rd postoperative day" type="ENDED_BY" />
<TLINK id="TL61" fromID="E57" fromText="passage of flatus" toID="E56" toText="The patient 's nasogastric tube" type="AFTER" />
<TLINK id="TL62" fromID="E57" fromText="passage of flatus" toID="E58" toText="bowel sounds" type="OVERLAP" />
<TLINK id="TL63" fromID="E59" fromText="a liquid diet" toID="E56" toText="The patient 's nasogastric tube" type="BEGUN_BY" />
<TLINK id="TL64" fromID="E60" fromText=" the dietician" toID="E56" toText="The patient 's nasogastric tube" type="AFTER" />
<TLINK id="TL65" fromID="E61" fromText="advised" toID="E60" toText=" the dietician" type="OVERLAP" />
<TLINK id="TL66" fromID="E63" fromText="numerous small meals " toID="E56" toText="The patient 's nasogastric tube" type="AFTER" />
<TLINK id="TL67" fromID="E64" fromText="3 larger meals" toID="E41" toText="the procedure" type="BEFORE" />
<TLINK id="TL68" fromID="E65" fromText="Her ambulation" toID="E66" toText="mobilization" type="OVERLAP" />
<TLINK id="TL69" fromID="E66" fromText="mobilization" toID="E67" toText="increased" type="OVERLAP" />
<TLINK id="TL7" fromID="E6" fromText="upper gastrointestinal series" toID="E5" toText="A subsequent workup" type="DURING" />
<TLINK id="TL70" fromID="E68" fromText="discharge" toID="E51" toText="discharge" type="SIMULTANEOUS" />
<TLINK id="TL71" fromID="E70" fromText="assistance" toID="E68" toText="discharge" type="BEFORE_OVERLAP" />
<TLINK id="TL72" fromID="E69" fromText="walking" toID="E68" toText="discharge" type="BEFORE_OVERLAP" />
<TLINK id="TL73" fromID="E74" fromText="the staples" toID="T7" toText="10th postoperative day" type="ENDED_BY" />
<TLINK id="TL74" fromID="E76" fromText="confusion" toID="T8" toText="early postoperative period" type="DURING" />
<TLINK id="TL75" fromID="T8" fromText="early postoperative period" toID="E29" toText="her operation" type="BEGUN_BY" />
<TLINK id="TL76" fromID="E78" fromText="a sundowning effect" toID="E76" toText="confusion" type="BEFORE_OVERLAP" />
<TLINK id="TL77" fromID="E77" fromText="advanced age" toID="E76" toText="confusion" type="BEFORE_OVERLAP" />
<TLINK id="TL78" fromID="E79" fromText="problems" toID="T9" toText=" 4th or 5th postoperative day" type="ENDED_BY" />
<TLINK id="TL79" fromID="E79" fromText="problems" toID="E76" toText="confusion" type="SIMULTANEOUS" />
<TLINK id="TL8" fromID="E7" fromText="abdominal computerized tomography scan" toID="E5" toText="A subsequent workup" type="DURING" />
<TLINK id="TL80" fromID="E81" fromText="alert" toID="E80" toText="lucid" type="OVERLAP" />
<TLINK id="TL81" fromID="E80" fromText="lucid" toID="E82" toText="her hospital stay" type="OVERLAP" />
<TLINK id="TL82" fromID="E82" fromText="her hospital stay" toID="T9" toText=" 4th or 5th postoperative day" type="BEGUN_BY" />
<TLINK id="TL83" fromID="E75" fromText="discharge" toID="E1" toText="DISCHARGE" type="SIMULTANEOUS" />
<TLINK id="TL84" fromID="E82" fromText="her hospital stay" toID="E75" toText="discharge" type="ENDED_BY" />
<TLINK id="TL85" fromID="E83" fromText="Surgical pathology report" toID="E84" toText="discharge" type="BEFORE" />
<TLINK id="TL86" fromID="E85" fromText="poorly differentiated adenocarcinoma" toID="E83" toText="Surgical pathology report" type="BEFORE_OVERLAP" />
<TLINK id="TL87" fromID="E86" fromText="extending" toID="E87" toText="ulcerating" type="OVERLAP" />
<TLINK id="TL88" fromID="E87" fromText="ulcerating" toID="E85" toText="poorly differentiated adenocarcinoma" type="OVERLAP" />
<TLINK id="TL89" fromID="E85" fromText="poorly differentiated adenocarcinoma" toID="E88" toText="Metastatic carcinoma" type="simultaneous" />
<TLINK id="TL9" fromID="E8" fromText="a gastric mass" toID="E5" toText="A subsequent workup" type="BEFORE_OVERLAP" />
<TLINK id="TL90" fromID="E89" fromText="carcinoma" toID="E85" toText="poorly differentiated adenocarcinoma" type="SIMULTANEOUS" />
<TLINK id="TL91" fromID="E90" fromText="discharge" toID="E84" toText="discharge" type="SIMULTANEOUS" />
<TLINK id="TL92" fromID="E90" fromText="discharge" toID="T10" toText="11th postoperative day " type="SIMULTANEOUS" />
<TLINK id="TL93" fromID="E100" fromText="discharged to home" toID="E90" toText="discharge" type="SIMULTANEOUS" />
<TLINK id="TL94" fromID="E28" fromText="well" toID="T10" toText="11th postoperative day " type="BEFORE_OVERLAP" />
<TLINK id="TL95" fromID="E95" fromText="Bactrim" toID="T11" toText="the day" type="BEGUN_BY" />
<TLINK id="TL96" fromID="E91" fromText="some dysuria" toID="T11" toText="the day" type="OVERLAP" />
<TLINK id="TL97" fromID="E91" fromText="some dysuria" toID="E92" toText="a urine specimen" type="BEFORE_OVERLAP" />
<TLINK id="TL98" fromID="E93" fromText="numerous white cells" toID="E92" toText="a urine specimen" type="BEFORE_OVERLAP" />
<TLINK id="TL99" fromID="T11" fromText="the day" toID="E92" toText="a urine specimen" type="SIMULTANEOUS" />
</TAGS>
</ClinicalNarrativeTemporalAnnotation>
