<?xml version="1.0" encoding="UTF-8" ?>
<ClinicalNarrativeTemporalAnnotation>
<TEXT><![CDATA[
ADMISSION DATE :
10-01-94
DISCHARGE DATE :
10-10-94
HISTORY OF PRESENT ILLNESS :
The patient is a 60 year old diabetic who underwent an APR in 1989 for rectal carcinoma and has been doing following radiation therapy and 5FU .
He recently developed fatigue and dyspnea and workup disclosed a large liver mass which was biopsied and revealed to be poorly differentiated neoplasm most consistent with metastatic rectal discontinued .
HOSPITAL COURSE :
The patient was admitted and underwent celiac and superior mesenteric artery angiography which demonstrated a patent celiac and superior mesenteric artery with normal branching pattern .
His preoperative workup was completed and included a normal white count , hematocrit 42 .
normal electrolytes , normal coags and normal renal function .
On 10-02-94 the patient was brought to the operating room where he underwent exploratory laparotomy and left hepatectomy and cholecystectomy by Dr. Duhenile .
The patient tolerated the procedure well with a 2000 cc. blood loss and was autotransfused two units of blood .
In the postoperative course Mr. Fyfe did surprisingly well given his underlying medical condition . ,
He did require two units of transfused blood but otherwise did quite well and was extubated on the night of surgery .
He remained in the Intensive Care Unit for two days but was hemodynamically stable throughout .
He continued to manifest occasional premature ventricular contractions , but these were unchanged from preoperatively and the patient otherwise did well .
His nasogastric tube was discontinued and he was begun on clear liquids and subsequently advanced to a regular diet without difficulty .
Both of his Jackson-Pratt drains were removed without incident .
By postoperative day # 7 , Mr. Fyfe was tolerating a regular ADA 1800 kilocalorie diet without difficulty with all of his tubes and drains removed .
His wound was noted to be healing well and his colostomy functioning appropriately without significant difficulty .
He is being transferred back to the Per Naplesspecrycet Hospital in stable condition on the same medications which he was on preoperatively .
These include Diabeta 10 mg. po. bid .
Serax 20 mg. po. qhs .
Sudafed 30 po. bid .
Theo-dur 300 mg. po. bid .
Betoptic 0.5% one drop OU bid , Propene 0.1% one drop OU bid .
Pred-Forte 1% one drop OS bid .
Percocet two tabs po. q4h prn .
Proventil 2 puffs q6hours prn ..
The patient will followup with Dr. Fede Duhenile in two weeks in Dr. Duhenile &apos;s office .
LENNI BREUTZOLN , M.D.
]]></TEXT>
<TAGS>
<EVENT id="E0" start="1" end="10" text="ADMISSION" modality="FACTUAL" polarity="POS" type="OCCURRENCE" sec_time_rel="OVERLAP" />
<EVENT id="E33" start="1025" end="1058" text="autotransfused two units of blood" modality="FACTUAL" polarity="POS" type="TREATMENT" sec_time_rel="BEFORE" />
<EVENT id="E34" start="1068" end="1088" text="postoperative course" modality="FACTUAL" polarity="POS" type="OCCURRENCE" sec_time_rel="BEFORE" />
<EVENT id="E2" start="111" end="119" text="diabetic" modality="FACTUAL" polarity="POS" type="PROBLEM" sec_time_rel="BEFORE_OVERLAP" />
<EVENT id="E35" start="1115" end="1119" text="well" modality="FACTUAL" polarity="POS" type="OCCURRENCE" sec_time_rel="BEFORE" />
<EVENT id="E36" start="1125" end="1158" text="his underlying medical condition" modality="FACTUAL" polarity="POS" type="problem" sec_time_rel="BEFORE_OVERLAP" />
<EVENT id="E37" start="1190" end="1207" text="transfused blood" modality="FACTUAL" polarity="POS" type="treatment" sec_time_rel="BEFORE" />
<EVENT id="E38" start="1232" end="1236" text="well" modality="FACTUAL" polarity="POS" type="OCCURRENCE" sec_time_rel="BEFORE" />
<EVENT id="E39" start="1245" end="1254" text="extubated" modality="FACTUAL" polarity="POS" type="TREATMENT" sec_time_rel="BEFORE" />
<EVENT id="E40" start="1271" end="1278" text="surgery" modality="FACTUAL" polarity="POS" type="TREATMENT" sec_time_rel="BEFORE" />
<EVENT id="E41" start="1300" end="1319" text="Intensive Care Unit" modality="FACTUAL" polarity="POS" type="CLINICAL_DEPT" sec_time_rel="BEFORE" />
<EVENT id="E3" start="133" end="140" text="an APR" modality="FACTUAL" polarity="POS" type="treatment" sec_time_rel="BEFORE" />
<EVENT id="E42" start="1341" end="1363" text="hemodynamically stable" modality="FACTUAL" polarity="POS" type="OCCURRENCE" sec_time_rel="BEFORE" />
<EVENT id="E43" start="1401" end="1447" text="occasional premature ventricular contractions" modality="FACTUAL" polarity="POS" type="problem" sec_time_rel="BEFORE" />
<EVENT id="E4" start="152" end="169" text="rectal carcinoma" modality="FACTUAL" polarity="POS" type="problem" sec_time_rel="BEFORE" />
<EVENT id="E45" start="1525" end="1529" text="well" modality="FACTUAL" polarity="POS" type="OCCURRENCE" sec_time_rel="BEFORE" />
<EVENT id="E46" start="1531" end="1552" text="His nasogastric tube" modality="FACTUAL" polarity="POS" type="treatment" sec_time_rel="BEFORE" />
<EVENT id="E47" start="1589" end="1603" text="clear liquids" modality="FACTUAL" polarity="POS" type="treatment" sec_time_rel="BEFORE" />
<EVENT id="E48" start="1635" end="1647" text="regular diet" modality="FACTUAL" polarity="POS" type="OCCURRENCE" sec_time_rel="BEFORE_OVERLAP" />
<EVENT id="E49" start="1656" end="1666" text="difficulty" modality="FACTUAL" polarity="NEG" type="OCCURRENCE" sec_time_rel="BEFORE" />
<EVENT id="E50" start="1676" end="1701" text="his Jackson-Pratt drains" modality="FACTUAL" polarity="POS" type="treatment" sec_time_rel="BEFORE" />
<EVENT id="E51" start="1723" end="1731" text="incident" modality="FACTUAL" polarity="NEG" type="PROBLEM" sec_time_rel="BEFORE" />
<EVENT id="E52" start="1774" end="1784" text="tolerating" modality="FACTUAL" polarity="POS" type="OCCURRENCE" sec_time_rel="BEFORE" />
<EVENT id="E53" start="1784" end="1820" text="a regular ADA 1800 kilocalorie diet" modality="FACTUAL" polarity="POS" type="treatment" sec_time_rel="BEFORE" />
<EVENT id="E54" start="1829" end="1839" text="difficulty" modality="FACTUAL" polarity="NEG" type="PROBLEM" sec_time_rel="BEFORE" />
<EVENT id="E55" start="1851" end="1861" text="his tubes" modality="FACTUAL" polarity="NEG" type="treatment" sec_time_rel="BEFORE" />
<EVENT id="E56" start="1865" end="1872" text="drains" modality="FACTUAL" polarity="NEG" type="treatment" sec_time_rel="BEFORE" />
<EVENT id="E57" start="1882" end="1892" text="His wound" modality="FACTUAL" polarity="POS" type="problem" sec_time_rel="BEFORE_OVERLAP" />
<EVENT id="E58" start="1909" end="1921" text="healing well" modality="FACTUAL" polarity="POS" type="OCCURRENCE" sec_time_rel="BEFORE_OVERLAP" />
<EVENT id="E59" start="1925" end="1939" text="his colostomy" modality="FACTUAL" polarity="POS" type="treatment" sec_time_rel="BEFORE_OVERLAP" />
<EVENT id="E44" start="1940" end="1965" text="functioning appropriately" modality="FACTUAL" polarity="POS" type="OCCURRENCE" sec_time_rel="BEFORE_OVERLAP" />
<EVENT id="E60" start="1974" end="1996" text="significant difficulty" modality="FACTUAL" polarity="NEG" type="PROBLEM" sec_time_rel="BEFORE" />
<EVENT id="E5" start="198" end="216" text="radiation therapy" modality="FACTUAL" polarity="POS" type="treatment" sec_time_rel="BEFORE_OVERLAP" />
<EVENT id="E61" start="2011" end="2022" text="transferred" modality="FACTUAL" polarity="POS" type="OCCURRENCE" sec_time_rel="AFTER" />
<EVENT id="E62" start="2067" end="2083" text="stable condition" modality="FACTUAL" polarity="POS" type="OCCURRENCE" sec_time_rel="BEFORE_OVERLAP" />
<EVENT id="E63" start="2086" end="2107" text="the same medications" modality="FACTUAL" polarity="POS" type="treatment" sec_time_rel="BEFORE_OVERLAP" />
<EVENT id="E64" start="2154" end="2162" text="Diabeta" modality="FACTUAL" polarity="POS" type="treatment" sec_time_rel="BEFORE_OVERLAP" />
<EVENT id="E65" start="2179" end="2185" text="Serax" modality="FACTUAL" polarity="POS" type="treatment" sec_time_rel="BEFORE_OVERLAP" />
<EVENT id="E6" start="220" end="224" text="5FU" modality="FACTUAL" polarity="POS" type="treatment" sec_time_rel="BEFORE_OVERLAP" />
<EVENT id="E66" start="2202" end="2210" text="Sudafed" modality="FACTUAL" polarity="POS" type="treatment" sec_time_rel="BEFORE_OVERLAP" />
<EVENT id="E67" start="2223" end="2232" text="Theo-dur" modality="FACTUAL" polarity="POS" type="treatment" sec_time_rel="BEFORE_OVERLAP" />
<EVENT id="E68" start="2250" end="2259" text="Betoptic" modality="FACTUAL" polarity="POS" type="treatment" sec_time_rel="BEFORE_OVERLAP" />
<EVENT id="E69" start="2282" end="2290" text="Propene" modality="FACTUAL" polarity="POS" type="treatment" sec_time_rel="BEFORE_OVERLAP" />
<EVENT id="E70" start="2313" end="2324" text="Pred-Forte" modality="FACTUAL" polarity="POS" type="treatment" sec_time_rel="BEFORE_OVERLAP" />
<EVENT id="E71" start="2345" end="2354" text="Percocet" modality="FACTUAL" polarity="POS" type="treatment" sec_time_rel="BEFORE_OVERLAP" />
<EVENT id="E72" start="2377" end="2387" text="Proventil" modality="FACTUAL" polarity="POS" type="treatment" sec_time_rel="BEFORE_OVERLAP" />
<EVENT id="E73" start="2428" end="2436" text="followup" modality="PROPOSED" polarity="POS" type="OCCURRENCE" sec_time_rel="AFTER" />
<EVENT id="E7" start="248" end="256" text="fatigue" modality="FACTUAL" polarity="POS" type="problem" sec_time_rel="BEFORE_OVERLAP" />
<EVENT id="E8" start="260" end="268" text="dyspnea" modality="FACTUAL" polarity="POS" type="problem" sec_time_rel="BEFORE_OVERLAP" />
<EVENT id="E1" start="27" end="36" text="DISCHARGE" modality="FACTUAL" polarity="POS" type="OCCURRENCE" sec_time_rel="OVERLAP" />
<EVENT id="E9" start="272" end="279" text="workup" modality="FACTUAL" polarity="POS" type="test" sec_time_rel="BEFORE" />
<EVENT id="E10" start="280" end="289" text="disclosed" modality="FACTUAL" polarity="POS" type="EVIDENTIAL" sec_time_rel="BEFORE" />
<EVENT id="E11" start="289" end="308" text="a large liver mass" modality="FACTUAL" polarity="POS" type="problem" sec_time_rel="BEFORE_OVERLAP" />
<EVENT id="E12" start="319" end="327" text="biopsied" modality="FACTUAL" polarity="POS" type="TEST" sec_time_rel="BEFORE" />
<EVENT id="E13" start="332" end="340" text="revealed" modality="FACTUAL" polarity="POS" type="EVIDENTIAL" sec_time_rel="BEFORE" />
<EVENT id="E14" start="346" end="377" text="poorly differentiated neoplasm" modality="FACTUAL" polarity="POS" type="problem" sec_time_rel="BEFORE_OVERLAP" />
<EVENT id="E15" start="398" end="429" text="metastatic rectal discontinued" modality="POSSIBLE" polarity="POS" type="problem" sec_time_rel="BEFORE_OVERLAP" />
<EVENT id="E16" start="466" end="474" text="admitted" modality="FACTUAL" polarity="POS" type="OCCURRENCE" sec_time_rel="BEFORE" />
<EVENT id="E17" start="488" end="538" text="celiac and superior mesenteric artery angiography" modality="FACTUAL" polarity="POS" type="test" sec_time_rel="BEFORE" />
<EVENT id="E18" start="545" end="557" text="demonstrated" modality="FACTUAL" polarity="POS" type="EVIDENTIAL" sec_time_rel="BEFORE" />
<EVENT id="E19" start="560" end="604" text="patent celiac and superior mesenteric artery" modality="FACTUAL" polarity="POS" type="OCCURRENCE" sec_time_rel="BEFORE_OVERLAP" />
<EVENT id="E20" start="636" end="660" text="His preoperative workup" modality="FACTUAL" polarity="POS" type="test" sec_time_rel="BEFORE" />
<EVENT id="E21" start="690" end="708" text="normal white count" modality="FACTUAL" polarity="POS" type="TEST" sec_time_rel="BEFORE" />
<EVENT id="E22" start="710" end="721" text="hematocrit" modality="FACTUAL" polarity="POS" type="test" sec_time_rel="BEFORE" />
<EVENT id="E23" start="727" end="746" text="normal electrolytes" modality="FACTUAL" polarity="POS" type="TEST" sec_time_rel="BEFORE" />
<EVENT id="E24" start="749" end="761" text="normal coags" modality="FACTUAL" polarity="POS" type="TEST" sec_time_rel="BEFORE" />
<EVENT id="E25" start="766" end="787" text="normal renal function" modality="FACTUAL" polarity="POS" type="OCCURRENCE" sec_time_rel="BEFORE_OVERLAP" />
<EVENT id="E26" start="833" end="847" text="operating room" modality="FACTUAL" polarity="POS" type="CLINICAL_DEPT" sec_time_rel="BEFORE" />
<EVENT id="E27" start="866" end="889" text="exploratory laparotomy" modality="FACTUAL" polarity="POS" type="test" sec_time_rel="BEFORE" />
<EVENT id="E28" start="893" end="910" text="left hepatectomy" modality="FACTUAL" polarity="POS" type="treatment" sec_time_rel="BEFORE" />
<EVENT id="E29" start="914" end="930" text="cholecystectomy" modality="FACTUAL" polarity="POS" type="treatment" sec_time_rel="BEFORE" />
<EVENT id="E30" start="961" end="970" text="tolerated" modality="FACTUAL" polarity="POS" type="OCCURRENCE" sec_time_rel="BEFORE" />
<EVENT id="E31" start="970" end="984" text="the procedure" modality="FACTUAL" polarity="POS" type="treatment" sec_time_rel="BEFORE" />
<EVENT id="E32" start="994" end="1016" text="a 2000 cc. blood loss" modality="FACTUAL" polarity="POS" type="problem" sec_time_rel="BEFORE" />
<TIMEX3 id="T4" start="1258" end="1267" text="the night" type="DATE" val="1994-10-02" mod="END" />
<TIMEX3 id="T5" start="1324" end="1332" text="two days" type="DURATION" val="P2D" mod="NA" />
<TIMEX3 id="T2" start="144" end="148" text="1989" type="DATE" val="1989" mod="NA" />
<TIMEX3 id="T6" start="1737" end="1758" text="postoperative day # 7" type="DATE" val="1994-10-09" mod="NA" />
<TIMEX3 id="T0" start="18" end="26" text="10-01-94" type="DATE" val="1994-10-01" mod="NA" />
<TIMEX3 id="T7" start="2174" end="2177" text="bid" type="FREQUENCY" val="rp12h" mod="NA" />
<TIMEX3 id="T8" start="2197" end="2200" text="qhs" type="FREQUENCY" val="rp24h" mod="NA" />
<TIMEX3 id="T9" start="2218" end="2221" text="bid" type="FREQUENCY" val="rp12h" mod="NA" />
<TIMEX3 id="T10" start="2245" end="2248" text="bid" type="FREQUENCY" val="rp12h" mod="NA" />
<TIMEX3 id="T12" start="2277" end="2280" text="bid" type="FREQUENCY" val="rp12h" mod="NA" />
<TIMEX3 id="T11" start="2308" end="2311" text="bid" type="FREQUENCY" val="rp12h" mod="NA" />
<TIMEX3 id="T13" start="2340" end="2343" text="bid" type="FREQUENCY" val="rp12h" mod="NA" />
<TIMEX3 id="T14" start="2368" end="2371" text="q4h" type="FREQUENCY" val="rp4h" mod="NA" />
<TIMEX3 id="T15" start="2396" end="2403" text="q6hours" type="FREQUENCY" val="rp6h" mod="NA" />
<TIMEX3 id="T16" start="2463" end="2472" text="two weeks" type="DURATION" val="p2w" mod="NA" />
<TIMEX3 id="T1" start="44" end="52" text="10-10-94" type="DATE" val="1991-10-10" mod="NA" />
<TIMEX3 id="T3" start="793" end="801" text="10-02-94" type="DATE" val="1994-10-02" mod="NA" />
<TLINK id="TL0" fromID="E0" fromText="ADMISSION" toID="T0" toText="10-01-94" type="SIMULTANEOUS" explicit="YES" />
<TLINK id="TL1" fromID="E16" fromText="admitted" toID="E0" toText="ADMISSION" type="SIMULTANEOUS" explicit="NO" />
<TLINK id="TL10" fromID="E14" fromText="poorly differentiated neoplasm" toID="E11" toText="a large liver mass" type="SIMULTANEOUS" explicit="NO" />
<TLINK id="TL11" fromID="E12" fromText="biopsied" toID="E10" toText="disclosed" type="AFTER" explicit="NO" />
<TLINK id="TL12" fromID="E13" fromText="revealed" toID="E12" toText="biopsied" type="OVERLAP" explicit="NO" />
<TLINK id="TL13" fromID="E14" fromText="poorly differentiated neoplasm" toID="E13" toText="revealed" type="BEFORE_OVERLAP" explicit="NO" />
<TLINK id="TL14" fromID="E15" fromText="metastatic rectal discontinued" toID="E14" toText="poorly differentiated neoplasm" type="SIMULTANEOUS" explicit="NO" />
<TLINK id="TL15" fromID="E17" fromText="celiac and superior mesenteric artery angiography" toID="E16" toText="admitted" type="AFTER" explicit="NO" />
<TLINK id="TL16" fromID="E18" fromText="demonstrated" toID="E17" toText="celiac and superior mesenteric artery angiography" type="OVERLAP" explicit="NO" />
<TLINK id="TL17" fromID="E19" fromText="patent celiac and superior mesenteric artery" toID="E17" toText="celiac and superior mesenteric artery angiography" type="BEFORE_OVERLAP" explicit="NO" />
<TLINK id="TL18" fromID="E20" fromText="His preoperative workup" toID="E26" toText="operating room" type="BEFORE" explicit="YES" />
<TLINK id="TL19" fromID="E21" fromText="normal white count" toID="E20" toText="His preoperative workup" type="DURING" explicit="NO" />
<TLINK id="TL2" fromID="E1" fromText="DISCHARGE" toID="T1" toText="10-10-94" type="SIMULTANEOUS" explicit="YES" />
<TLINK id="TL20" fromID="E22" fromText="hematocrit" toID="E21" toText="normal white count" type="SIMULTANEOUS" explicit="NO" />
<TLINK id="TL21" fromID="E23" fromText="normal electrolytes" toID="E22" toText="hematocrit" type="SIMULTANEOUS" explicit="NO" />
<TLINK id="TL22" fromID="E24" fromText="normal coags" toID="E23" toText="normal electrolytes" type="SIMULTANEOUS" explicit="NO" />
<TLINK id="TL23" fromID="E25" fromText="normal renal function" toID="E20" toText="His preoperative workup" type="DURING" explicit="NO" />
<TLINK id="TL24" fromID="E26" fromText="operating room" toID="T3" toText="10-02-94" type="SIMULTANEOUS" explicit="YES" />
<TLINK id="TL25" fromID="E34" fromText="postoperative course" toID="T3" toText="10-02-94" type="BEGUN_BY" explicit="YES" />
<TLINK id="TL26" fromID="E27" fromText="exploratory laparotomy" toID="E26" toText="operating room" type="DURING" explicit="YES" />
<TLINK id="TL27" fromID="E28" fromText="left hepatectomy" toID="E26" toText="operating room" type="DURING" explicit="YES" />
<TLINK id="TL28" fromID="E29" fromText="cholecystectomy" toID="E26" toText="operating room" type="DURING" explicit="NO" />
<TLINK id="TL29" fromID="E40" fromText="surgery" toID="E31" toText="the procedure" type="SIMULTANEOUS" explicit="NO" />
<TLINK id="TL3" fromID="E3" fromText="an APR" toID="T2" toText="1989" type="DURING" explicit="NO" />
<TLINK id="TL30" fromID="E30" fromText="tolerated" toID="E31" toText="the procedure" type="OVERLAP" explicit="YES" />
<TLINK id="TL31" fromID="E32" fromText="a 2000 cc. blood loss" toID="E31" toText="the procedure" type="DURING" explicit="YES" />
<TLINK id="TL32" fromID="E31" fromText="the procedure" toID="E26" toText="operating room" type="SIMULTANEOUS" explicit="NO" />
<TLINK id="TL33" fromID="E33" fromText="autotransfused two units of blood" toID="E32" toText="a 2000 cc. blood loss" type="AFTER" explicit="NO" />
<TLINK id="TL34" fromID="E37" fromText="transfused blood" toID="E33" toText="autotransfused two units of blood" type="SIMULTANEOUS" explicit="NO" />
<TLINK id="TL35" fromID="E36" fromText="his underlying medical condition" toID="E34" toText="postoperative course" type="BEFORE_OVERLAP" explicit="NO" />
<TLINK id="TL36" fromID="E34" fromText="postoperative course" toID="T1" toText="10-10-94" type="ENDED_BY" explicit="NO" />
<TLINK id="TL37" fromID="E35" fromText="well" toID="E34" toText="postoperative course" type="DURING" explicit="YES" />
<TLINK id="TL38" fromID="E42" fromText="hemodynamically stable" toID="E41" toText="Intensive Care Unit" type="DURING" explicit="YES" />
<TLINK id="TL39" fromID="E26" fromText="operating room" toID="E41" toText="Intensive Care Unit" type="BEFORE" explicit="NO" />
<TLINK id="TL4" fromID="E5" fromText="radiation therapy" toID="E3" toText="an APR" type="AFTER" explicit="NO" />
<TLINK id="TL40" fromID="E41" fromText="Intensive Care Unit" toID="T5" toText="two days" type="DURING" explicit="NO" />
<TLINK id="TL41" fromID="T5" fromText="two days" toID="T3" toText="10-02-94" type="BEGUN_BY" explicit="NO" />
<TLINK id="TL42" fromID="E38" fromText="well" toID="E37" toText="transfused blood" type="OVERLAP" explicit="NO" />
<TLINK id="TL43" fromID="E39" fromText="extubated" toID="T4" toText="the night" type="SIMULTANEOUS" explicit="YES" />
<TLINK id="TL44" fromID="E40" fromText="surgery" toID="T4" toText="the night" type="SIMULTANEOUS" explicit="NO" />
<TLINK id="TL45" fromID="E43" fromText="occasional premature ventricular contractions" toID="E40" toText="surgery" type="BEFORE_OVERLAP" explicit="NO" />
<TLINK id="TL46" fromID="E45" fromText="well" toID="E43" toText="occasional premature ventricular contractions" type="OVERLAP" explicit="NO" />
<TLINK id="TL47" fromID="E46" fromText="His nasogastric tube" toID="E47" toText="clear liquids" type="ENDED_BY" explicit="NO" />
<TLINK id="TL48" fromID="E46" fromText="His nasogastric tube" toID="E27" toText="exploratory laparotomy" type="BEGUN_BY" explicit="NO" />
<TLINK id="TL49" fromID="E46" fromText="His nasogastric tube" toID="E55" toText="his tubes" type="OVERLAP" explicit="NO" />
<TLINK id="TL5" fromID="E4" fromText="rectal carcinoma" toID="E3" toText="an APR" type="BEFORE_OVERLAP" explicit="NO" />
<TLINK id="TL50" fromID="E48" fromText="regular diet" toID="E47" toText="clear liquids" type="AFTER" explicit="YES" />
<TLINK id="TL51" fromID="E49" fromText="difficulty" toID="E48" toText="regular diet" type="OVERLAP" explicit="NO" />
<TLINK id="TL52" fromID="E50" fromText="his Jackson-Pratt drains" toID="E56" toText="drains" type="simultaneous" explicit="NO" />
<TLINK id="TL53" fromID="E50" fromText="his Jackson-Pratt drains" toID="E27" toText="exploratory laparotomy" type="BEGUN_BY" explicit="NO" />
<TLINK id="TL54" fromID="E50" fromText="his Jackson-Pratt drains" toID="T6" toText="postoperative day # 7" type="BEFORE" explicit="NO" />
<TLINK id="TL55" fromID="E52" fromText="tolerating" toID="T6" toText="postoperative day # 7" type="OVERLAP" explicit="YES" />
<TLINK id="TL56" fromID="E53" fromText="a regular ADA 1800 kilocalorie diet" toID="E52" toText="tolerating" type="OVERLAP" explicit="YES" />
<TLINK id="TL57" fromID="E54" fromText="difficulty" toID="E53" toText="a regular ADA 1800 kilocalorie diet" type="OVERLAP" explicit="YES" />
<TLINK id="TL58" fromID="E58" fromText="healing well" toID="E57" toText="His wound" type="OVERLAP" explicit="NO" />
<TLINK id="TL59" fromID="E57" fromText="His wound" toID="E27" toText="exploratory laparotomy" type="BEGUN_BY" explicit="NO" />
<TLINK id="TL6" fromID="E6" fromText="5FU" toID="E5" toText="radiation therapy" type="OVERLAP" explicit="NO" />
<TLINK id="TL60" fromID="E44" fromText="functioning appropriately" toID="E59" toText="his colostomy" type="OVERLAP" explicit="NO" />
<TLINK id="TL61" fromID="E60" fromText="significant difficulty" toID="E44" toText="functioning appropriately" type="OVERLAP" explicit="NO" />
<TLINK id="TL62" fromID="E62" fromText="stable condition" toID="E61" toText="transferred" type="BEFORE_OVERLAP" explicit="NO" />
<TLINK id="TL63" fromID="E63" fromText="the same medications" toID="E62" toText="stable condition" type="BEFORE_OVERLAP" explicit="NO" />
<TLINK id="TL64" fromID="T16" fromText="two weeks" toID="T1" toText="10-10-94" type="BEGUN_BY" explicit="NO" />
<TLINK id="TL65" fromID="E73" fromText="followup" toID="T16" toText="two weeks" type="AFTER" explicit="YES" />
<TLINK id="TL7" fromID="E8" fromText="dyspnea" toID="E7" toText="fatigue" type="OVERLAP" explicit="NO" />
<TLINK id="TL8" fromID="E8" fromText="dyspnea" toID="E9" toText="workup" type="BEFORE_OVERLAP" explicit="NO" />
<TLINK id="TL9" fromID="E10" fromText="disclosed" toID="E9" toText="workup" type="OVERLAP" explicit="NO" />
</TAGS>
</ClinicalNarrativeTemporalAnnotation>