SYMPTOM_IDX,ANSWER_FORM
0,edema
0,swelling
1,pain
2,toothaches
2,tooth pain
3,shortness of breath
4,shortness of breath
5,symptoms from a dvt
5,swelling and pain
6,edema
7,pain
8,fever
9,chills
10,sweats
11,nausea
12,vomiting
13,diarrhea
14,bright red blood per rectum
15,melena
16,chest pain
17,chest pain
18,chest pressure
19,cough
20,dysuria
21,chest pain
22,cough
23,chest pain
24,dyspnea on exertion
25,chest pain
26,chest pressure
27,fever
28,chills
29,sweats
30,chest pain
31,chest pressure
32,palpitations
33,cough
