SYMPTOM_IDX,ANSWER_FORM
0,shortness of breath
0,dyspnea
1,able to walk
2,sleeps flat
3,able to breathe
4,felt well
5,shortness of breath
5,dyspnea on exertion
6,orthopnea
7,dizziness
8,limited exercise tolerance
9,dizziness
10,felt like a different person
11,shortness of breath
12,paroxysmal nocturnal dyspnea
13,orthopnea
14,shortness of breath
15,dyspnea on exertion
16,cough
17,chest pain
18,shortness of breath
19,dyspnea on exertion
20,paroxysmal nocturnal dyspnea
21,orthopnea
22,orthostatic symptoms
23,shortness of breath
24,vertigo
25,diplopia
