SYMPTOM_IDX,ANSWER_FORM
0,palpitations
1,lightheadedness
2,chest pain
3,shortness of breath
4,nausea
5,vomiting
6,diaphoresis
7,syncope
8,lightheadedness
9,orthopnea
10,paroxysmal nocturnal dyspnea
11,edema
12,chills
13,diaphoresis
13,sweats
14,chest pain
15,syncope
16,abdominal pain
17,nausea
18,vomiting
19,diarrhea
20,dysuria
21,any symptom
21,cardiac symptoms
22,joint pain
22,arthralgias
23,dyspnea on exertion
24,decreased exercise tolerance
25,palpitations
25,palpitation
26,edema
27,i felt my heart pause and then surge when it started to beat again
27,heart sensations
28,shortness of breath
29,fever
30,rash
