SYMPTOM_IDX,ANSWER_FORM
0,upper respiratory infection symptoms
1,rhinorrhea
2,fever
2,fevers
3,cough
3,cough
3,coughing
4,fatigue
5,scapular pain
6,chest pain
7,chest pain
8,chest pain
9,shortness of breath
10,paroxysmal nocturnal dyspnea
11,orthopnea
12,swelling
12,edema
13,weight gain
14,other symptoms
15,cough
16,fever
16,fevers
17,chills
18,nausea
19,vomiting
20,diarrhea
21,constipation
22,urinary changes
23,bowel changes
24,upper respiratory infection symptoms
25,fatigue
26,chest pain
27,pain
28,shortness of breath
