SYMPTOM_IDX,ANSWER_FORM
0,chest pain
1,SHORTNESS OF BREATH
2,chest pressure
3,chest pain
4,dyspnea on exertion
5,nausea
6,vomiting
7,shortness of breath
8,dyspnea on exertion
9,chest pressure
9,chest pain
10,shortness of breath
10,dyspnea
11,diaphoresis
12,fever
13,chills
14,upper respiratory infection symptoms
15,cough
16,change in bowel movements
16,bowel changes
17,edema
18,orthopnea
19,weight gain
20,weight loss
21,decreased exercise tolerance
22,shortness of breath
23,chest pain
24,chest pain
