SYMPTOM_IDX,ANSWER_FORM
0,feeling well
1,chest burning
2,chest pressure
3,chest pressure
4,dyspnea
5,weight gain
6,paroxysmal nocturnal dyspnea
7,orthopnea
8,cough
9,fever
10,chills
11,nausea
12,vomiting
13,abdominal pain
14,hemoptysis
15,bright red blood per rectum
16,hematochezia
17,melena
18,chest pain
19,palpitations
20,cough
21,shortness of breath
22,changes in mental status
23,loss of consciousness
24,dysuria
25,presyncope
26,dizziness
27,urinary symptoms
28,itchiness
28,pruritus
