SYMPTOM_IDX,ANSWER_FORM
0,fall
1,shortness of breath
2,chest pain
3,lightheaded
3,lightheadedness
4,lightheadedness
5,visual changes
6,weakness
7,loss of consciousness
8,head injury
9,seizure
10,seizure
11,loss of urine
11,urinary incontinence
12,unable to get up
13,diarrhea
14,constipation
15,fever
16,chills
17,cough
18,urinary symptoms
19,chest pain
20,chest pain
21,malaise
22,dyspnea
23,coccyx pain
24,burning
25,epigastric tenderness
26,confused
26,confusion
27,confusion
