SYMPTOM_IDX,ANSWER_FORM
0,dyspnea on exertion
1,shortness of breath
2,lightheadedness
3,chest pain
4,chest pressure
5,chest tightness
6,jaw symptoms
6,jaw pain
7,neck pani
7,neck symptoms
8,arm symptoms
8,arm pain
9,orthopnea
10,paroxysmal nocturnal dyspnea
11,visual symptoms
11,vision changes
12,headache
13,fatigued
13,fatigue
14,unsteady
14,unsteadiness
15,diaphoretic
15,diaphoresis
16,cough
17,fevers
18,chills
19,vomiting
20,melena
21,hematochezia
22,good appetite
23,early satiety
24,syncopal episodes
25,knee pain
26,shortness of breath
