SYMPTOM_IDX,ANSWER_FORM
0,any symptom
1,palpitations
2,awareness of flutter
2,symptoms of atrial flutter
2,symptoms of arrhythmia
3,chest pain
4,shortness of breath
5,diaphoresis
6,dyspnea on exertion
6,dyspnea with exertion
7,nausea
8,vomiting
9,lightheadedness
10,swelling
11,knee pain
12,diaphoresis
13,weight loss
14,tremor
15,rash
16,joint pain
17,hair changes
18,difficulties swallowing
18,dysphagia
18,difficulty swallowing
19,changes in appetite
20,changes in sleep
