SYMPTOM_IDX,ANSWER_FORM
0,shortness of breath
1,dyspnea on exertion
2,shortness of breath
3,edema
4,shortness of breath
5,edema
6,yellow fingernails
7,weight gain
8,shortness of breath
9,orthopnea
10,wheezing
11,cough
12,chest pain
13,edema
14,headache
15,fevers
16,chills
17,URI symptoms
17,upper respiratory infection symptoms
18,wheezing
19,reflux
20,nausea
21,vomiting
22,diarrhea
23,bright red blood per rectum
24,dysuria
25,hematuria
26,constipation
27,dark stools
28,back pain
29,shoulder pain
