SYMPTOM_IDX,ANSWER_FORM
0,leg pain
1,limited her ability to try and bear weight
1,limited weight-bearing
1,unable to bear any weight
2,unable to move her leg
2,unable to move leg
3,numbness
4,tingling
5,weakness
6,decreased appetite
7,weight loss
8,lethargy
9,apathy
10,depressed mood
10,depression
10,depressed
11,sleeps most of the day
11,hypersomnia
12,bone pain
13,bleeding
14,fevers
15,chills
16,night sweats
17,shortness of breath
18,cough
19,chest pain
20,abdominal pain
21,constipation
22,diarrhea
23,dysuria
24,dyspnea on exertion
