SYMPTOM_IDX,ANSWER_FORM
0,back pain
1,abdominal pain
2,constipation
3,shortness of breath with exertion
3,dyspnea on exertion
4,edema
5,abdominal distension
6,chest pain
7,palpitations
8,chest pressure
9,nausea
10,vomiting
11,diaphoresis
12,constipation
13,bowel movement
14,unable to take deep breaths
15,melena
16,bright red blood per rectum
17,does not lie flat to sleep
18,early satiety
19,fevers
20,chills
21,lightheadedness
22,weight loss
23,weight gain
24,able to sleep at night
25,neuropathic pain
26,nausea
27,vomiting
