SYMPTOM_IDX,ANSWER_FORM
0,coughing up blood.
0,hemoptysis
1,palpitation
2,sweating
3,anxiety
4,cold
4,upper respiratory infection symptoms
5,dry nose
6,trauma
7,syncope
8,dizzy
8,dizziness
9,nosebleeds
10,shortness of breath
11,blurry vision
12,blackouts
13,hematuria
14,dysuria
15,hematochezia
16,bleeding gums
17,easy bruising
18,nosebleed
18,epistaxis
19,menorrhagia
20,nausea
21,vomiting
22,stressed
23,fibromyalgia symptoms
23,any symptom
24,anxiety
25,epistaxis
26,chest pain
27,nosebleeds
27,epistaxis
28,feeling that she was going to die
